{
  "mAP50-95": 32.61038549780725,
  "AP50": 63.8939255657296,
  "AP75": 30.013128063058442,
  "AP_small": 4.181337931460848,
  "AP_medium": 27.3060423364321,
  "AP_large": 48.94799616922635,
  "AR1": 25.169619665080667,
  "AR10": 37.083014187991694,
  "AR100": 37.28914783230601,
  "AR_small": 7.09363465746658,
  "AR_medium": 34.227061948361495,
  "AR_large": 53.45702215400826,
  "AR50-95": 37.28914783230601,
  "paper_mAP50-95": 32.61038549780725,
  "paper_AR50-95": 37.28914783230601,
  "mIoU_all": 83.86318340816999,
  "mPA_all": 90.99184577950018,
  "mPrecision_all": 90.61174656022575,
  "mIoU_o": 79.65752610849339,
  "mIoU_d": 98.84999310753983,
  "IoU_class_0": 98.31597480653633,
  "IoU_class_1": 83.89800142798552,
  "IoU_class_2": 83.63153149787848,
  "IoU_class_3": 68.28125227052398,
  "IoU_class_4": 88.24231678192803,
  "IoU_class_5": 81.31595140555478,
  "IoU_class_6": 90.1390065844083,
  "IoU_class_7": 62.09462279117467,
  "IoU_class_8": 98.84999310753983,
  "dark_count": 175,
  "dark_mAP50-95": 34.44563846286289,
  "dark_AP50": 68.32620078898745,
  "dark_AP75": 29.136192336516192,
  "dark_AP_small": 9.280846207496731,
  "dark_AP_medium": 24.39357942522033,
  "dark_AP_large": 63.15664938436737,
  "dark_AR1": 28.790960958026616,
  "dark_AR10": 40.77891505439385,
  "dark_AR100": 40.97917345232667,
  "dark_AR_small": 14.916505063563887,
  "dark_AR_medium": 32.80762616379055,
  "dark_AR_large": 66.76190476190477,
  "dark_AR50-95": 40.97917345232667,
  "dark_mIoU_all": 42.69250807810279,
  "dark_mPA_all": 48.86096050563988,
  "dark_mPrecision_all": 45.89897930817462,
  "dark_mIoU_o": 27.015866219788492,
  "dark_mIoU_d": 98.10737648581134,
  "dark_IoU_class_0": 97.01413267859431,
  "dark_IoU_class_1": 52.53323909712739,
  "dark_IoU_class_2": 47.1419178257941,
  "dark_IoU_class_3": 0.0,
  "dark_IoU_class_4": 0.0,
  "dark_IoU_class_5": 0.0,
  "dark_IoU_class_6": 89.43590661559794,
  "dark_IoU_class_7": 0.0,
  "dark_IoU_class_8": 98.10737648581134,
  "dim_count": 1124,
  "dim_mAP50-95": 20.508650789539733,
  "dim_AP50": 48.14577319561191,
  "dim_AP75": 14.20066828463408,
  "dim_AP_small": 2.907206264465514,
  "dim_AP_medium": 20.146292174683065,
  "dim_AP_large": 39.06722843886744,
  "dim_AR1": 17.574074885255296,
  "dim_AR10": 25.767164695476534,
  "dim_AR100": 25.935055066778045,
  "dim_AR_small": 5.096236460637748,
  "dim_AR_medium": 26.12287366443965,
  "dim_AR_large": 43.937773258769695,
  "dim_AR50-95": 25.935055066778045,
  "dim_mIoU_all": 56.88124175391809,
  "dim_mPA_all": 61.70477726668779,
  "dim_mPrecision_all": 68.67729802896679,
  "dim_mIoU_o": 45.0858490424565,
  "dim_mIoU_d": 98.49510882603603,
  "dim_IoU_class_0": 97.83512366203126,
  "dim_IoU_class_1": 73.77604604293145,
  "dim_IoU_class_2": 63.954121647906234,
  "dim_IoU_class_3": 42.6311204314194,
  "dim_IoU_class_4": 0.0,
  "dim_IoU_class_5": 45.76486773883076,
  "dim_IoU_class_6": 89.47478743610765,
  "dim_IoU_class_7": 0.0,
  "dim_IoU_class_8": 98.49510882603603,
  "small_count": 8475,
  "small_mAP50-95": 30.87087567387713,
  "small_AP50": 62.36881769123125,
  "small_AP75": 27.27528888388721,
  "small_AP_small": 4.197775065061536,
  "small_AP_medium": 27.326412704855464,
  "small_AP_large": 48.18625537814504,
  "small_AR1": 22.988578455149604,
  "small_AR10": 35.38662689423428,
  "small_AR100": 35.59496483487065,
  "small_AR_small": 7.09363465746658,
  "small_AR_medium": 34.227061948361495,
  "small_AR_large": 52.76781376063918,
  "small_AR50-95": 35.59496483487065,
  "small_mIoU_all": 83.13019823568455,
  "small_mPA_all": 90.63279065692818,
  "small_mPrecision_all": 90.13454548046272,
  "small_mIoU_o": 78.71346720429574,
  "small_mIoU_d": 98.81905967293176,
  "small_IoU_class_0": 98.35845401815887,
  "small_IoU_class_1": 81.84360645169744,
  "small_IoU_class_2": 83.63167280580029,
  "small_IoU_class_3": 68.91529593790821,
  "small_IoU_class_4": 85.90591280907144,
  "small_IoU_class_5": 81.1972597203542,
  "small_IoU_class_6": 87.40589991406401,
  "small_IoU_class_7": 62.09462279117467,
  "small_IoU_class_8": 98.81905967293176,
  "mAP_da": 34.44563846286289,
  "mIoUda_d": 98.10737648581134,
  "mAP_di": 20.508650789539733,
  "mIoUdi_d": 98.49510882603603,
  "mAP_sm": 30.87087567387713,
  "mIoUsm_o": 78.71346720429574
}