{
  "mAP50-95": 34.928299530476586,
  "AP50": 65.23214858672853,
  "AP75": 32.96317770793891,
  "AP_small": 4.368690258776054,
  "AP_medium": 28.09553790218825,
  "AP_large": 53.195405529690355,
  "AR1": 26.826295351035956,
  "AR10": 39.04966381826904,
  "AR100": 39.161705402510925,
  "AR_small": 8.398277349643989,
  "AR_medium": 34.37514835631223,
  "AR_large": 57.738485627182136,
  "AR50-95": 39.161705402510925,
  "paper_mAP50-95": 34.928299530476586,
  "paper_AR50-95": 39.161705402510925,
  "mIoU_all": 80.71728899599583,
  "mPA_all": 86.45110436969543,
  "mPrecision_all": 90.92158723672293,
  "mIoU_o": 75.63930337426423,
  "mIoU_d": 98.77415665010552,
  "IoU_class_0": 98.20632069400732,
  "IoU_class_1": 83.00371182090676,
  "IoU_class_2": 80.75265390043221,
  "IoU_class_3": 59.893501896170896,
  "IoU_class_4": 87.01004493778545,
  "IoU_class_5": 78.52276172831355,
  "IoU_class_6": 89.53980302439298,
  "IoU_class_7": 50.75264631184769,
  "IoU_class_8": 98.77415665010552,
  "dark_count": 175,
  "dark_mAP50-95": 35.702618190794375,
  "dark_AP50": 66.74931830875533,
  "dark_AP75": 32.42465708955897,
  "dark_AP_small": 5.411434394367353,
  "dark_AP_medium": 23.13790487059834,
  "dark_AP_large": 70.03546928971718,
  "dark_AR1": 30.541463096866657,
  "dark_AR10": 40.998979436735944,
  "dark_AR100": 41.005439385056356,
  "dark_AR_small": 9.444624003447533,
  "dark_AR_medium": 30.358773646444874,
  "dark_AR_large": 73.14285714285714,
  "dark_AR50-95": 41.005439385056356,
  "dark_mIoU_all": 41.93502105831685,
  "dark_mPA_all": 46.69443322140293,
  "dark_mPrecision_all": 46.85790747026151,
  "dark_mIoU_o": 26.071219145399542,
  "dark_mIoU_d": 98.00819632891542,
  "dark_IoU_class_0": 96.90845917813942,
  "dark_IoU_class_1": 52.07403497886845,
  "dark_IoU_class_2": 41.58828790660453,
  "dark_IoU_class_3": 0.0,
  "dark_IoU_class_4": 0.0,
  "dark_IoU_class_5": 0.0,
  "dark_IoU_class_6": 88.83621113232381,
  "dark_IoU_class_7": 0.0,
  "dark_IoU_class_8": 98.00819632891542,
  "dim_count": 1124,
  "dim_mAP50-95": 23.826520107717776,
  "dim_AP50": 50.310665759769115,
  "dim_AP75": 17.597383993102504,
  "dim_AP_small": 4.37670209877475,
  "dim_AP_medium": 21.258525175133023,
  "dim_AP_large": 44.733442156493545,
  "dim_AR1": 21.508383521587223,
  "dim_AR10": 28.80995871732408,
  "dim_AR100": 28.863563930693854,
  "dim_AR_small": 6.799966091776436,
  "dim_AR_medium": 28.192353757704964,
  "dim_AR_large": 53.01144721233689,
  "dim_AR50-95": 28.863563930693854,
  "dim_mIoU_all": 53.92480278527268,
  "dim_mPA_all": 57.83894329656387,
  "dim_mPrecision_all": 67.77410715199242,
  "dim_mIoU_o": 41.313805631809736,
  "dim_mIoU_d": 98.3977223213419,
  "dim_IoU_class_0": 97.72886332344416,
  "dim_IoU_class_1": 72.74256370175246,
  "dim_IoU_class_2": 60.04546138289516,
  "dim_IoU_class_3": 32.95605947180396,
  "dim_IoU_class_4": 0.0,
  "dim_IoU_class_5": 34.749413313769026,
  "dim_IoU_class_6": 88.70314155244753,
  "dim_IoU_class_7": 0.0,
  "dim_IoU_class_8": 98.3977223213419,
  "small_count": 8475,
  "small_mAP50-95": 32.86071157480095,
  "small_AP50": 63.77511718666018,
  "small_AP75": 29.935344783462547,
  "small_AP_small": 4.394776715213403,
  "small_AP_medium": 28.12608509028298,
  "small_AP_large": 52.1579961007817,
  "small_AR1": 24.344761822498004,
  "small_AR10": 37.059719377400455,
  "small_AR100": 37.17348749297993,
  "small_AR_small": 8.398277349643989,
  "small_AR_medium": 34.37514835631223,
  "small_AR_large": 56.76481741275875,
  "small_AR50-95": 37.17348749297993,
  "small_mIoU_all": 79.9633394623894,
  "small_mPA_all": 86.01946181044788,
  "small_mPrecision_all": 90.46886612016327,
  "small_mIoU_o": 74.66711396463161,
  "small_mIoU_d": 98.74515125410115,
  "small_IoU_class_0": 98.25510615498223,
  "small_IoU_class_1": 80.88724161241265,
  "small_IoU_class_2": 80.7571434171158,
  "small_IoU_class_3": 60.289373206872334,
  "small_IoU_class_4": 85.1353680276822,
  "small_IoU_class_5": 78.21530296727977,
  "small_IoU_class_6": 86.60994325195013,
  "small_IoU_class_7": 50.77542526910837,
  "small_IoU_class_8": 98.74515125410115,
  "mAP_da": 35.702618190794375,
  "mIoUda_d": 98.00819632891542,
  "mAP_di": 23.826520107717776,
  "mIoUdi_d": 98.3977223213419,
  "mAP_sm": 32.86071157480095,
  "mIoUsm_o": 74.66711396463161
}