{
  "mAP50-95": 34.676821193644884,
  "AP50": 65.9943168740263,
  "AP75": 32.79466494609757,
  "AP_small": 4.846393291712347,
  "AP_medium": 28.99397229209544,
  "AP_large": 51.555653786869456,
  "AR1": 26.2436613507943,
  "AR10": 38.62995115775916,
  "AR100": 38.83470543508123,
  "AR_small": 8.081179138769649,
  "AR_medium": 35.29600226689752,
  "AR_large": 55.83799845581257,
  "AR50-95": 38.83470543508123,
  "paper_mAP50-95": 34.676821193644884,
  "paper_AR50-95": 38.83470543508123,
  "mIoU_all": 80.34514133843028,
  "mPA_all": 90.6474686652428,
  "mPrecision_all": 86.29385363308057,
  "mIoU_o": 75.16765113239029,
  "mIoU_d": 98.7564616924543,
  "IoU_class_0": 98.17625242668622,
  "IoU_class_1": 82.44382497428688,
  "IoU_class_2": 80.03132835711118,
  "IoU_class_3": 62.541436023140704,
  "IoU_class_4": 87.56044578831886,
  "IoU_class_5": 79.31395248368209,
  "IoU_class_6": 87.88406714574124,
  "IoU_class_7": 46.398503154451085,
  "IoU_class_8": 98.7564616924543,
  "dark_count": 175,
  "dark_mAP50-95": 34.77792445637185,
  "dark_AP50": 67.42854832758024,
  "dark_AP75": 32.86357818291108,
  "dark_AP_small": 6.035246690397061,
  "dark_AP_medium": 23.767094872084567,
  "dark_AP_large": 66.34327413739449,
  "dark_AR1": 29.765273163528978,
  "dark_AR10": 40.21854710876598,
  "dark_AR100": 40.24438690204763,
  "dark_AR_small": 9.2544710191769,
  "dark_AR_medium": 30.7408231038368,
  "dark_AR_large": 70.28571428571428,
  "dark_AR50-95": 40.24438690204763,
  "dark_mIoU_all": 41.88347571436506,
  "dark_mPA_all": 49.81238315357094,
  "dark_mPrecision_all": 44.2819296584008,
  "dark_mIoU_o": 26.09942181165879,
  "dark_mIoU_d": 97.71275608267361,
  "dark_IoU_class_0": 96.54257266500036,
  "dark_IoU_class_1": 53.67245755467589,
  "dark_IoU_class_2": 43.07465836223503,
  "dark_IoU_class_3": 0.0,
  "dark_IoU_class_4": 0.0,
  "dark_IoU_class_5": 0.0,
  "dark_IoU_class_6": 85.94883676470062,
  "dark_IoU_class_7": 0.0,
  "dark_IoU_class_8": 97.71275608267361,
  "dim_count": 1124,
  "dim_mAP50-95": 22.483333393329758,
  "dim_AP50": 49.42649116280753,
  "dim_AP75": 16.76744493994168,
  "dim_AP_small": 3.1431622223881934,
  "dim_AP_medium": 18.624724975013383,
  "dim_AP_large": 42.8864970995483,
  "dim_AR1": 19.521305626389175,
  "dim_AR10": 26.645193459860415,
  "dim_AR100": 26.794828110934393,
  "dim_AR_small": 5.153754652126237,
  "dim_AR_medium": 24.228482933141485,
  "dim_AR_large": 48.183968818844264,
  "dim_AR50-95": 26.794828110934393,
  "dim_mIoU_all": 54.75594038858434,
  "dim_mPA_all": 61.5227915807727,
  "dim_mPrecision_all": 64.41844502484236,
  "dim_mIoU_o": 42.41586642961344,
  "dim_mIoU_d": 98.29585445396394,
  "dim_IoU_class_0": 97.59654403600109,
  "dim_IoU_class_1": 73.0642129054251,
  "dim_IoU_class_2": 58.45936093963392,
  "dim_IoU_class_3": 38.368187628407156,
  "dim_IoU_class_4": 0.0,
  "dim_IoU_class_5": 40.84841665475373,
  "dim_IoU_class_6": 86.17088687907419,
  "dim_IoU_class_7": 0.0,
  "dim_IoU_class_8": 98.29585445396394,
  "small_count": 8475,
  "small_mAP50-95": 32.73587974294332,
  "small_AP50": 64.60254124839201,
  "small_AP75": 29.73438733318175,
  "small_AP_small": 4.864593457770001,
  "small_AP_medium": 29.02114260046302,
  "small_AP_large": 50.63351633918066,
  "small_AR1": 23.877974285504465,
  "small_AR10": 36.77647567325405,
  "small_AR100": 36.98318032911325,
  "small_AR_small": 8.081179138769649,
  "small_AR_medium": 35.29600226689752,
  "small_AR_large": 54.929372721889195,
  "small_AR50-95": 36.98318032911325,
  "small_mIoU_all": 79.60977272628658,
  "small_mPA_all": 90.26377925371236,
  "small_mPrecision_all": 85.81694657837511,
  "small_mIoU_o": 74.21611290355143,
  "small_mIoU_d": 98.73073318576007,
  "small_IoU_class_0": 98.24443102595889,
  "small_IoU_class_1": 80.34879094368802,
  "small_IoU_class_2": 80.04950897874133,
  "small_IoU_class_3": 62.37082946554784,
  "small_IoU_class_4": 85.52130033050653,
  "small_IoU_class_5": 79.31927016795522,
  "small_IoU_class_6": 85.4317818713405,
  "small_IoU_class_7": 46.47130856708075,
  "small_IoU_class_8": 98.73073318576007,
  "mAP_da": 34.77792445637185,
  "mIoUda_d": 97.71275608267361,
  "mAP_di": 22.483333393329758,
  "mIoUdi_d": 98.29585445396394,
  "mAP_sm": 32.73587974294332,
  "mIoUsm_o": 74.21611290355143
}