{
  "mAP50-95": 33.43300669498363,
  "AP50": 64.66940802853108,
  "AP75": 31.292297264210433,
  "AP_small": 4.1989441671410885,
  "AP_medium": 28.04371944882752,
  "AP_large": 49.95514490434827,
  "AR1": 25.919284746066122,
  "AR10": 37.830436896964066,
  "AR100": 37.97612801706921,
  "AR_small": 7.2800026970223914,
  "AR_medium": 34.87180182806702,
  "AR_large": 54.30592402957536,
  "AR50-95": 37.97612801706921,
  "paper_mAP50-95": 33.43300669498363,
  "paper_AR50-95": 37.97612801706921,
  "mIoU_all": 84.10996629968754,
  "mPA_all": 90.21914163621732,
  "mPrecision_all": 91.6933799376156,
  "mIoU_o": 79.96025273004719,
  "mIoU_d": 98.88849935168726,
  "IoU_class_0": 98.37942823517022,
  "IoU_class_1": 84.53068769715476,
  "IoU_class_2": 83.81371424973244,
  "IoU_class_3": 67.93542996257597,
  "IoU_class_4": 88.35933211260884,
  "IoU_class_5": 81.41357847120803,
  "IoU_class_6": 90.62897974004748,
  "IoU_class_7": 63.040046877002794,
  "IoU_class_8": 98.88849935168726,
  "dark_count": 175,
  "dark_mAP50-95": 35.15120120289962,
  "dark_AP50": 66.96534282563081,
  "dark_AP75": 31.13728645999275,
  "dark_AP_small": 5.979101938820979,
  "dark_AP_medium": 23.880767213050074,
  "dark_AP_large": 67.15240461631247,
  "dark_AR1": 30.12111045968775,
  "dark_AR10": 40.86989446941567,
  "dark_AR100": 40.89573426269732,
  "dark_AR_small": 10.176686059039001,
  "dark_AR_medium": 31.725968095831114,
  "dark_AR_large": 70.47619047619047,
  "dark_AR50-95": 40.89573426269732,
  "dark_mIoU_all": 42.864185382675686,
  "dark_mPA_all": 48.23019766067177,
  "dark_mPrecision_all": 46.588333050900644,
  "dark_mIoU_o": 27.196615579628492,
  "dark_mIoU_d": 98.2273995151815,
  "dark_IoU_class_0": 97.17395987150019,
  "dark_IoU_class_1": 53.74761345491934,
  "dark_IoU_class_2": 46.49545926125947,
  "dark_IoU_class_3": 0.0,
  "dark_IoU_class_4": 0.0,
  "dark_IoU_class_5": 0.0,
  "dark_IoU_class_6": 90.13323634122064,
  "dark_IoU_class_7": 0.0,
  "dark_IoU_class_8": 98.2273995151815,
  "dim_count": 1124,
  "dim_mAP50-95": 20.963958782313103,
  "dim_AP50": 46.78676142518356,
  "dim_AP75": 14.896048027609194,
  "dim_AP_small": 2.6176717625761836,
  "dim_AP_medium": 19.513409118889502,
  "dim_AP_large": 38.74019295308272,
  "dim_AR1": 18.222095329533634,
  "dim_AR10": 25.89520889749229,
  "dim_AR100": 25.99661065367438,
  "dim_AR_small": 4.7283267658937955,
  "dim_AR_medium": 25.820149374892054,
  "dim_AR_large": 43.809023894255205,
  "dim_AR50-95": 25.99661065367438,
  "dim_mIoU_all": 57.723598429256185,
  "dim_mPA_all": 62.05787730696907,
  "dim_mPrecision_all": 69.66504803708582,
  "dim_mIoU_o": 46.13976687827744,
  "dim_mIoU_d": 98.58208332290806,
  "dim_IoU_class_0": 97.95193439245554,
  "dim_IoU_class_1": 74.70624830460447,
  "dim_IoU_class_2": 64.46915870200995,
  "dim_IoU_class_3": 43.46067716166984,
  "dim_IoU_class_4": 0.0,
  "dim_IoU_class_5": 50.18825863220332,
  "dim_IoU_class_6": 90.1540253474545,
  "dim_IoU_class_7": 0.0,
  "dim_IoU_class_8": 98.58208332290806,
  "small_count": 8475,
  "small_mAP50-95": 31.653217972591346,
  "small_AP50": 63.26400798081564,
  "small_AP75": 28.57312475175449,
  "small_AP_small": 4.2137580093949145,
  "small_AP_medium": 28.063206329449812,
  "small_AP_large": 49.13645044908315,
  "small_AR1": 23.67025796397568,
  "small_AR10": 36.0814479672605,
  "small_AR100": 36.22934759272323,
  "small_AR_small": 7.2800026970223914,
  "small_AR_medium": 34.87180182806702,
  "small_AR_large": 53.57027358895628,
  "small_AR50-95": 36.22934759272323,
  "small_mIoU_all": 83.36973135425852,
  "small_mPA_all": 89.83738423455603,
  "small_mPrecision_all": 91.21827974268348,
  "small_mIoU_o": 79.00510500892383,
  "small_mIoU_d": 98.86479315265451,
  "small_IoU_class_0": 98.42705397320522,
  "small_IoU_class_1": 82.54272560576533,
  "small_IoU_class_2": 83.81647641362349,
  "small_IoU_class_3": 68.16072305250228,
  "small_IoU_class_4": 86.30932184203897,
  "small_IoU_class_5": 81.24366300415456,
  "small_IoU_class_6": 87.92277826737947,
  "small_IoU_class_7": 63.040046877002794,
  "small_IoU_class_8": 98.86479315265451,
  "mAP_da": 35.15120120289962,
  "mIoUda_d": 98.2273995151815,
  "mAP_di": 20.963958782313103,
  "mIoUdi_d": 98.58208332290806,
  "mAP_sm": 31.653217972591346,
  "mIoUsm_o": 79.00510500892383
}