{
  "mAP50-95": 32.89172161823554,
  "AP50": 63.62855426849252,
  "AP75": 30.630116743987696,
  "AP_small": 4.063989016113875,
  "AP_medium": 27.237850067855362,
  "AP_large": 49.55028191450487,
  "AR1": 25.6337000339075,
  "AR10": 37.26018640198495,
  "AR100": 37.40413106354678,
  "AR_small": 7.254711420441648,
  "AR_medium": 33.864459245804845,
  "AR_large": 54.01792894481163,
  "AR50-95": 37.40413106354678,
  "paper_mAP50-95": 32.89172161823554,
  "paper_AR50-95": 37.40413106354678,
  "mIoU_all": 83.98349696558248,
  "mPA_all": 89.82518663059183,
  "mPrecision_all": 91.94688227797178,
  "mIoU_o": 79.80489547386405,
  "mIoU_d": 98.85841845636946,
  "IoU_class_0": 98.35878591682446,
  "IoU_class_1": 84.46954089981236,
  "IoU_class_2": 83.71329576071344,
  "IoU_class_3": 67.46323477480664,
  "IoU_class_4": 88.26135737887503,
  "IoU_class_5": 81.29453898858588,
  "IoU_class_6": 90.62465972777059,
  "IoU_class_7": 62.807640786484356,
  "IoU_class_8": 98.85841845636946,
  "dark_count": 175,
  "dark_mAP50-95": 34.89872800538292,
  "dark_AP50": 66.8411366435927,
  "dark_AP75": 30.803859588899396,
  "dark_AP_small": 5.017673817605811,
  "dark_AP_medium": 23.036316315510692,
  "dark_AP_large": 68.33406007955809,
  "dark_AR1": 30.32215056565261,
  "dark_AR10": 40.23980251015134,
  "dark_AR100": 40.29794204503508,
  "dark_AR_small": 8.664081017022193,
  "dark_AR_medium": 30.458400047441142,
  "dark_AR_large": 71.80952380952381,
  "dark_AR50-95": 40.29794204503508,
  "dark_mIoU_all": 42.73885033683087,
  "dark_mPA_all": 47.71646142778969,
  "dark_mPrecision_all": 46.86604885677488,
  "dark_mIoU_o": 27.045540479147878,
  "dark_mIoU_d": 98.19294793916617,
  "dark_IoU_class_0": 97.13792173827643,
  "dark_IoU_class_1": 53.34318312815724,
  "dark_IoU_class_2": 45.84223693892568,
  "dark_IoU_class_3": 0.0,
  "dark_IoU_class_4": 0.0,
  "dark_IoU_class_5": 0.0,
  "dark_IoU_class_6": 90.13336328695225,
  "dark_IoU_class_7": 0.0,
  "dark_IoU_class_8": 98.19294793916617,
  "dim_count": 1124,
  "dim_mAP50-95": 20.66742089096093,
  "dim_AP50": 46.08718000730748,
  "dim_AP75": 15.94424304596119,
  "dim_AP_small": 2.3517215273668435,
  "dim_AP_medium": 18.474072013768765,
  "dim_AP_large": 38.370061231886204,
  "dim_AR1": 18.26503320285006,
  "dim_AR10": 25.680319233789202,
  "dim_AR100": 25.77593079686346,
  "dim_AR_small": 4.292163098555346,
  "dim_AR_medium": 24.258576856707435,
  "dim_AR_large": 43.916522623284195,
  "dim_AR50-95": 25.77593079686346,
  "dim_mIoU_all": 57.37151064090131,
  "dim_mPA_all": 61.43014609058353,
  "dim_mPrecision_all": 69.90116016667413,
  "dim_mIoU_o": 45.69345996915611,
  "dim_mIoU_d": 98.55543747063341,
  "dim_IoU_class_0": 97.93393851338571,
  "dim_IoU_class_1": 74.53371769365295,
  "dim_IoU_class_2": 64.2499314427721,
  "dim_IoU_class_3": 42.04967679040713,
  "dim_IoU_class_4": 0.0,
  "dim_IoU_class_5": 48.87164188503105,
  "dim_IoU_class_6": 90.14925197222952,
  "dim_IoU_class_7": 0.0,
  "dim_IoU_class_8": 98.55543747063341,
  "small_count": 8475,
  "small_mAP50-95": 31.073557151271025,
  "small_AP50": 62.14308557147199,
  "small_AP75": 27.72568587765641,
  "small_AP_small": 4.078111036844074,
  "small_AP_medium": 27.255373620370072,
  "small_AP_large": 48.67303134507509,
  "small_AR1": 23.382578623058432,
  "small_AR10": 35.47352016740686,
  "small_AR100": 35.61936720399437,
  "small_AR_small": 7.254711420441648,
  "small_AR_medium": 33.864459245804845,
  "small_AR_large": 53.2357681639222,
  "small_AR50-95": 35.61936720399437,
  "small_mIoU_all": 83.24881187694305,
  "small_mPA_all": 89.42767098588061,
  "small_mPrecision_all": 91.49092023382698,
  "small_mIoU_o": 78.85709814524905,
  "small_mIoU_d": 98.8360480784445,
  "small_IoU_class_0": 98.40357179729963,
  "small_IoU_class_1": 82.49521192961949,
  "small_IoU_class_2": 83.71630460472859,
  "small_IoU_class_3": 67.68079411987377,
  "small_IoU_class_4": 86.2476938585655,
  "small_IoU_class_5": 81.11558452820121,
  "small_IoU_class_6": 87.93645718927044,
  "small_IoU_class_7": 62.807640786484356,
  "small_IoU_class_8": 98.8360480784445,
  "mAP_da": 34.89872800538292,
  "mIoUda_d": 98.19294793916617,
  "mAP_di": 20.66742089096093,
  "mIoUdi_d": 98.55543747063341,
  "mAP_sm": 31.073557151271025,
  "mIoUsm_o": 78.85709814524905
}